"Message","Truth"
"Obrigada pela homenagem ao #casamentoigualitario , @BancodoBrasil @BancoDoBrasil7  !! Vejam aqui: http://t.co/4hICRrgnrW ! Muito bom!",1
"O #BancoDoBrasil j� me deixou uma mensagem de parab�ns. O 1�.",1
"Bora ser seu pr�prio chefe, trabalhar com esportes e ganhar 20 mil reais? A #InterU e o @BancoDoBrasil explicam como: http://t.co/ZgbqthSluF",1
"HAHAHAHA @BancodoBrasil maravilhoso!!!! http://t.co/mscHrnWiA4",1
"Parabens ao @BancodoBrasil #circuitobancodobrasil por um evento desse nivel! Esse banco tem historia no esporte! http://t.co/GBHjhVCIxu",1
"PARAB�NS AO #BANCODOBRASIL, ORGANIZA��O IMPEC�VEL, NENHUM ARTISTA ATRASOU A APRESENTA��O, ALGUNS COME�ARAM AT� ANTES!",1
"n consigo acreditar que o extrato em pdf do #bb � melhor que o do #itau, muito ruim o extrato gerado pelo #itau #fail",1
"Gra�as a Deus deu tudo certo, amanh� come�o no meu Novo Emprego #Bradesco =D",1
"Esqueci o cart�o em casa a caminho da rodovi�ria,acabei d descobrir que da pra sacar dinheiro s/ o cart�o, amando muito o @bradesco agora :)",1
"Sendo muito bem atendido pelo pessoal do @alobradesco",1
"Isso que � banco meu povo =&gt; �@AloBradesco: @GordoGeek Ol�! Te ligaremos em breve. :)�",1
"@AloBradesco � o canal mais r�pido de resposta do banco. Solu��o prometida para amanh�. At� l�.",1
"H�rcules, Regilandio e Stefano do @AloBradesco resolveram migra��o para o MAC. Obrigado pelas partes envolvidas",1
"#Bradesco e #Itau PARABENS pela responsabilidade social. #EuNoTeleton",1
"#EuNoTeleton eo   @Bradesco tambem  

   #EuNoTeleton + Voce = N�s ..s� depende de N�s",1
"R$ 1.2 MIl! Doa��o do @Bradesco para o #TeletonBrasil2013.",1
"Aew #Bradesco, R$1.200.000,00 pro #Teleton. Muito bom!",1
"Parabens @Bradesco pela Doa�ao de 1milh�o e 200 mil #EUNoTeleton",1
"Isso a� R$1.200.000,00 parab�ns @Bradesco !!! @TeletonOficial",1
"Bradesco - O banco @Bradesco doou R$1.200.000,00 @TeletonOficial. Twitteiros parabenizam . #TudoTrendsBR",1
"#Ita� e #Bradesco juntos por uma �tima causa.... Louv�vel",1
"@angelicamari @Bradesco aqui o Bradesco vai bem em chrome!",1
"Trabalhar no #Bradesco � ter rock ao vivo! Born to be wiiiineee... :D http://t.co/iLQlUqHHw0",1
"Mais uma vez obrigado @AloBradesco pela efici�ncia no trato com os clientes.",1
"Esses dias fiz uma reclama��o do #Bradesco aqui no twitter e a equipe do @AloBradesco foi bem atenciosa...",1
"O @Bradesco @AloBradesco me ligou e resolveu meu problema rapidinho. Valeu Bradesco!!",1
"EU SIGO E INDICO &gt;&gt;&gt;&gt;&gt;@Bradesco",1
"Parab�ns a todos que fazem os perfis @AloBradesco! #Show",1
"Atendimento do @AloBradesco sempre excelente. Token ativo sem precisar ir ao banco. Aprende com eles @HSBC_Atende.",1
"@AloBradesco Ok muito obrigado por tirar minha duvida , estou seguindo voc�s uma �tima tarde",1
"@AloBradesco Obrigado pela aten��o",1
"Meu cart�o Visa acabou de chegar, obrigada @AloBradesco &lt;3",1
"Impressionante o poder da rede social ! O @AloBradesco funciona MUITO melhor que o fone f�cil !!! Obrigado bradesco !!!",1
"Obrigado @AloBradesco ! TUDO resolvido em menos de 24 hs !!! Obrigado mesmo !",1
"Muito feliz com o @alobradesco ! Resolveram tudo pra mim !!! Ja o fone f�cil , espero que caia uma bomba l� e exploda todo mundo !!!!",1
"Fiz meu primeiro saque na ag�ncia totalmente digital do #Bradesco - ag�ncia do futuro. http://t.co/3PSMTL6oNN",1
"O @AloBradesco � a Am�lia dos bancos. Cozinha, lava, passa, arruma�. Como nenhuma outra!",1
"Caralho, que propaganda foda do #bradesco #queroquetodomundotenha",1
"Achei muito fofa essa propaganda natal do #bradesco parabens quem desenvolveu",1
"Gostei dessa menina: quer muitas f�rias para todo mundo em 2014! #Bradesco",1
"Consegui ser atendido no #Bradesco, obrigado. Depois de 1 hora e meia.",1
"As atendentes do @AloBradesco devem ganhar muito bem. Pq s�o de uma cordialidade nunca vista em outros bancos.",1
"Obrigada ao pessoal do @AloBradesco @Bradesco pelo presente de Natal! http://t.co/vyBaBrKscO",1
"Q surpresa agradavel chegar em casa e ter um present�o do @AloBradesco, terceiro ano ja que sou mimado com uma cesta de natal. Obg senhores!",1
"@AloBradesco um bom final de ano pra tds xoxal medias ae e obg pelas ajudas durante o ano :D (coloca esse tweet no relatorio)",1
"Estamos ficando mal acostumados, @naosalvo. O pessoal do @AloBradesco  ta estragando a gente com esses presentes :P",1
"@azaghal @AloBradesco continuem assim ahuhuahuahu",1
"Melhor parte do fim do ano: a cesta do @alobradesco :D http://t.co/19YUwTa28X",1
"E a�, voc� chega em casa e descobre que ganhou aquele PRESENT�O do @aloBradesco. Um feliz 2014 pra� http://t.co/fuQYN69hyu",1
"Meus filhos quase n�o ficaram alucinados com o bau do do @AloBradesco http://t.co/kfQa13Mts5",1
"Caramba, que cesta linda! Obrigado @AloBradesco! =D",1
"#FF @ImprensaCAIXA =&gt; Agenda #cultural pelo pa�s e not�cias da @CAIXA",1
"@Caixa estuda prorrogar d�vida da OSX http://t.co/bTXKtHKAe9 Da s�rie ""o meu, o seu, o nosso""...",1
"Que se lixem os an�is, venha o capital..! #caixa #pt",1
"Constru��o beneficia fam�lias com renda at� R$ 1,6 mil. http://t.co/uCoTukQVGS #MinhaCasaMinhaVida @CAIXA @ImprensaCaixa",1
"#BolsaP�dio @aldorebelo:""A @CAIXA � uma grande parceira do esporte brasileiro e uma presen�a importante p/ gin�stica"" http://t.co/fJRIGXwzAw",1
"#BrasilSemMis�ria j� saiu! http://t.co/Y4vcn8HznC Gra�as a @CAIXA",1
"@ClaroBrasil @ClaroRonaldo Muito obrigado !!! a promo��o do twitter foi a melhor coisa que voc�s poderiam inventar ...",1
"Mas um dia de trabalho !!! ?????? #bomdia #trabalho #mywork #work #clarobrasil #mylife #lifeisbutadream� http://t.co/TGBNg1SZhu",1
"FINALMENTE CONSEGUI A PORTABILIDADE - QUASE SEM ESFOR�O. OBRIGADO, @ClaroBlog! &lt;3 &lt;3 &lt;3 http://t.co/gMtjTMezlF",1
"Novo dia, Novas metas, novos desafios... Hora de Produzir!!! ???????????? #bomdia #mywork #clarobrasil� http://t.co/vVwk8hhv65",1
"Bom dia Hoje � dia de A��o Externa!!! Simbora produzir... ?????????????????? #bomdia #clarobrasil #vempraclaro� http://t.co/nQ9Ddf0XxA",1
"A��o Externa !!! ????????????? #clarobrasil #sejoga #vempraclaro #trabalho #mywork #love #equipeplanet� http://t.co/E5Zbv1jAYV",1
"obgrigada @claro pelo tt mobile de gra�a \o/",1
"Muito obrigado @ClaroBlog pelo presente de 200 torpedos",1
"@ClaroBlog Sou cliente da Claro a 6 anos e meio e nunca tive s�rios problemas, ja em uma concorrente foram 3 meses de tortura!",1
"Opa, curti, parece que acesso ao facebook pela claro est� de gr�tis. #ClaroBrasil #ClaroRonaldo #Chupa3g  @claroronaldo @ClaroBrasil",1
"� por isso que as vezes eu gosto da #Claro! http://t.co/uTI4cqvriq",1
"J�nia @ClaroBrasil",1
"Facebook e Twitter gr�tis at� pra p�s pago! Hehe! A� sim @ClaroBlog",1
"Obrigada @claro",1
"Problema resolvido, obrigada @ClaroBrasil  o/ j� posso respirar melhor agora kkkk",1
"Essa 3G da @claro � uma beleza.",1
"Hoje � dia de ser Feliz... ????????????? #bomdia #trabalho #clarobrasil #foco #for�a #fe� http://t.co/BE8YalDtMl",1
"E a #Claro (@ClaroRonaldo) dando show de respeito ao cliente! Parab�ns!! 
http://t.co/JgsuexDo81",1
"Obrigado, @claroronaldo @clarobrasil, finalmente eu consegui fazer meu modem funcionar depois de UM ANO usando a @timbrasil.",1
"Gente eu aqui passado com a velocidade do 4G do iPhone 5S da #Claro (Perfeito)",1
"@Gusbelli @claro eu uso e n�o tenho problemas aqui no Rio.",1
"@danicarolp @claro eles est�o com um pacotes combos com a @NEToficial que parecem interessantes",1
"obrigado�mas poxa� RT @ClaroBlog: Ol�, Neto. Pode ficar tranquilo que o acesso ser� liberado em dezembro. Conte com a gente se precisar.",1
"A Internet 4G da #Claro � outro n�vel hein !!!! Luxo, Poder e Gl�ria !!!",1
"@ClaroBlog Enfim, como vcs j� me ajudaram... conto com vcs mais uma vez...",1
"Confraterniza��o da clarobrasil .Amo muito tudo isso ????????? #confraternizacao #clarobrasil� http://t.co/tvPQLxtdJq",1
"� Claro que � a melhor Equipe !!! ?????????? #clarobrasil #equipeplanet #trabalho #mywork� http://t.co/FsDSkDuwvr",1
"Equipe Claro @planetcellcg 
Equipe Bombacao !!! ????????????? #clarobrasil #equipeplanet #equipebombacao� http://t.co/Br4rLSsn3D",1
"demorou, mas enfim a dona @ClaroBrasil resolveu atender minha solicita��o...",1
"E viva o #4GMax da #Claro!!! \0/ http://t.co/hWakXeTpNl",1
"como presente de natal a minha 3g est� muito r�pida obg @vivo",1
"4G da @ClaroBlog at� agora funcionando muito bem.",1
"@NFumache @ClaroBlog o 3G comigo sempre funciona muito bem tamb�m rsrsrs",1
"""Eu fa�o parte de algo que � capaz de fazer sorrir, encantar, alegrar e emocionar. 
Eu fa�o parte do #Itaucard""... http://t.co/SpdIAiPwXS",1
"Mega evento... #itau #mocoto #topteam #sucesso ; ) http://t.co/CjH7HfRI4b",1
"N�o gastei nada para trocar 30 mil pontos do @itaucard por pontos @Multiplus. J� o @kmdevantagens cobra R$ 1.470. Que diferen�a, hein?",1
"Ta�, meia hora depois o @itaucard me liga e o problema t� resolvido. Obrigado. =)",1
"Olha como o ITA� � bonzinho comigo, @itaucard http://t.co/WgyGp9NiVD",1
"Nova campanha saindo. Eu e o @celso_kamura :-) #itaucard #itau #lovemyjob raphaelbn @ casa do meu amigo http://t.co/oELAS7h93S",1
"#cineart #itaucard paga meia agora. Muito bom http://t.co/uIMWqfinIQ",1
"Muito legal esse projeto do #Ita� Social! http://t.co/d0d2EgRIqO",1
"EU SIGO E INDICO &gt;&gt;&gt;&gt;&gt;@itau @Itaucard SE VOC� ME SEGUIR... RSRSRS",1
"O comercial da #itau eh sensacional. #diadascrian�as",1
"O #itau investe na leitura das novas gera��es atrav�s desta linda a��o! Parab�ns #itau #issomudaomundo http://t.co/BsNkuBJQSf",1
"leia para uma crian�a #itau http://t.co/Mv73Idhwvv",1
"#Bradesco e #Itau PARABENS pela responsabilidade social. #EuNoTeleton",1
"#Ita� e #Bradesco juntos por uma �tima causa.... Louv�vel",1
"Sempre MUITO bem atendida pela @Itaucard ! Muito obrigada!",1
"#LeiaParaUmaCrian�a #IssoMudaOMundo #Ita� http://t.co/wvZ6u8lsN5",1
"opaa problema solucionado! #ItauCard lindo rsrs 'n�o mostre o seu #Cart�oCr�dito a ningu�m =)",1
"Chegaram! Obrigada #itau http://t.co/h1Rp2Gn0eZ",1
"@Itaucard obrigado pelo atendimento r�pido e pela solu��o do ocorrido. (Y)",1
"@Animadissima Bom dia! Em casos relacionados ao cart�o pe�o que entre em contato com o @itaucard, eles ir�o te ajudar da melhor forma. =)",1
"Consegui estornar uma compra indevida feita no ML com meu cart�o de cr�dito em 5 minutos! Parab�ns Itaucard pela efici�ncia #itaucard #itau",1
"@Itaucard Obrigado por responder t�o r�pido ;-)",1
"@itau to T�O feliz que nem sei explicar pra voc�s. cc @Itaucard",1
"Que demora para o #Santander aprovar um compra online, se fosse #Itaucard era em minutos... #tenso",1
"@itau voce e a @saraivaonline sao os melhores &lt;33333",1
"Liguei para o pessoal do atendimento do @Itaucard, e em menos de 30min j� recebi um email com meu problema solucionado. Parab�ns @Itaucard",1
"Consegui cancelar o cart�o de cr�dito #Itau em menos de 10 minutos. Muito esquisito!",1
"O atendimento do @Itaucard � �timo! Parab�ns. 30 horas tamb�m no Twitter",1
"A melhor coisa que j� fizeram Twitter do #itau ajuda muuuuitoooo !",1
"Essa propaganda da copa feita pelo #itau ficou linda. Excelente de verdade.",1
"Puts... o #ITA� depravou no Comercial!",1
"O @itau me fez feliz hoje!!! Agilidade na entrega da 2� via do cart�o (2 dias �teis!) =D #itaucard #ita� #IssoMudaOmundo",1
"Bora ser seu pr�prio chefe, trabalhar com esportes e ganhar 20 mil reais? A #InterU e o @BancoDoBrasil explicam como: http://t.co/ZgbqthSluF",1
"Para Paulo Bernardo, fus�o entre PT e Oi � positiva para o Brasil   #pt #oi  http://t.co/e4Z1rBDAz0",1
"Aff presente maravilhoso da #Oi: o novo BlackBerry Z10! Todo lindo e cheio de funcionalidades! ???? @� http://t.co/5O5leKmdhH",1
"TIM CLARO VIVO NEM CHEGA PERTO DA #OI,A #OI TA CLARO NO QUE PROMETE,VIVO QUEM TEM #OI,AT� O TIM DIRIA,SOM NA CAIXA,#OI AUAU",1
"Ganhei 30 torpedos da @Oi . Vou joga-los todos no @obama",1
"A #oi lan�ou dois chips em um que funciona como micro tamb�m. S� faltou o nano pra ficar perfeito. http://t.co/5aME3UTG5E",1
"Cara que noticia linda.... Naum pude deixar de deixar meu #Oi pra esse cara que tive a oportunidade de� http://t.co/c4ZbsZdMSP",1
"Ta bom @oi https://t.co/WLoRovcGXK",1
"@carolina_ana1 @claro da @digaoi � perfeita",1
"@bb essa imagem ficou ""muito legal"". Lindo casal. #rimou http://t.co/xnXaFG73rq",1
"Urrul! Legal esse site, tweeta automatico e rapidinho!! http://t.co/JlrM7v4E8G #timbeta #rt #socialup #legal #Oi",1
"Muito bacana da parte da #Oi - V�rios colaboradores compraram os presentes das cartinhas das crian�as� http://t.co/g4pZeWkOGB",1
"Prezada @digaoi. Voc�s foram r�pidos. J� funciona. Meus agradecimentos.",1
"Obrigado @LeiSecaRJ ,gra�as a divulga��o do meu caso aqui, a @digaoi tratou meu caso como PRIORIDADE e consegui instalar o fixo hj!",1
"Atualizei minha agenda em poucos segundos com o App Oi 9� D�gito! Saiba mais: http://t.co/eGOOV7ILC3 #Oi #9digito #iOS #Android",1
"@digaoi agradecemos a brevidade.",1
"Valeu @digaoi @digapor ter rezouvido o pobrema da inter net da m�e da Nega Juj�...a v�ia tava ficano doida...ela � aviciada em v�dio porn�.",1
"Em breve nas melhores lojas do ramo!!!
@sonymusic 
@skybrasil 
@aesfingedoegito 
@PretinhoDaSerraﾅ http://t.co/Ra1A2AmkNM",1
"Bento � uma paisagem perfeita na minha #SmartTV !!!  #SkyBrasil",1
"@skybrasil ele na frente sempre. (Vamos querer bonifica��es pelo merchan. #SkyBrasil) http://t.co/qciJJ8fReO",1
"Priiiincesa liinda *-* #skybrasil #hdtv #sucesso #sky #love #claudialeitte #princesa #tv� http://t.co/6cVfD3E6qC",1
"Photo: Priiiincesa liinda *-* #skybrasil #hdtv #sucesso #sky #love #claudialeitte #princesa #tv... http://t.co/b8CHHjawjA",1
"Menus da Sky atualizados... Ficou top! #skybrasil",1
"Tenhos Net e Sky j�! RT @Chico_PC: @edutrevisan @SKYresponde muda pra @NEToficial quem tem 3 ESPNs EM HD!! + 2 SPORTVs e a FOXSPORTS!",1
"@SKYresponde Curti a nova cara da #SkyHDTV Parabens...",1
"@skybrasil  atualiza��o de ontem fico muito bom novo menu #skybrasil #sky #novasky http://t.co/N1DMBAEm1n",1
"muito melhor e bonito o novo guia de programa��o da @skybrasil! Quando � pra elogiar, vamos elogiar. #SKYbrasil",1
"Amei em estar com o meu time @Skybrasil  vcs s�o demais todos vcs.
 I love this time that I hadﾅ http://t.co/ZfZoTsQNx1",1
"Achei muito top o novo design da SKY HD (y)

#SkyBrasil #SkyHD #NovoDesign",1
"Sinal perfeito com chuva forte, mais um mito derrubado!! #Sky #skybrasil #chuva #rain #hdtv�isso #dth� http://t.co/BYnsmtFP4l",1
"Marcela Temer acaba de me ligar e informar que a @skybrasil resolveu o problema l� de casa. Finalmente! Poderei ver o Galo em HD no Mundial!",1
"s� de boa assistindo tele cineeee!
s� filme boooom!
#skybrasil
#telecine",1
"Falei com a @SKYresponde num dia, me ligaram no outro e j� tem um cara aqui pra instalar. �timo atendimento!",1
"Urrul! Legal esse site, tweeta automatico e rapidinho!! http://t.co/JlrM7v4E8G #timbeta #rt #socialup #legal #Oi",1
"@jermbebado merece, por ter me proporcionado um plano vantajoso para q eu me comunicasse com meus amigos virtuais. Parab�ns @tim",1
"@jermbebado a @tim eh uma boa compaheiraaaa ngm pode negar",1
"Ainda bem que o cel. � dual... a #Claro patina e n�o vai. Salva pela #Tim.",1
"Adoooooooooro este casal da #vivo ele j� era demais agora com ela ent�o, gata, linda e boa atriz http://t.co/ZhD9fgPj0g",1
"que deus te de em dobro, toda a velocidade de internet q vc me deu @vivo",1
"O atendimento do call center do Alisyon foi sensacional #Vivoemrede",1
"#KCAArgentina #ComunidadTkm #Vivo @RadioTKM",1
"Minha Internet Box 4G j� voltou de Jacon� !!!! #Adoro #Vivo",1
"#vivo, estou impressionado, hj fui atendido com rapidez pelo Guilherme que estava muito bem informado de tudo... # parab�ns #momentosraros",1
"To na loja da @vivo comprando um ""BoxVivo"". Neg�cio t� vendendo como �gua.",1
"5. O resultado � que, porque comprei um aparelho novo na @Vivoemrede, pagando caro, estou h� 8 dias sem celular",-1
"@Vivoemrede #Vivoemrede  que mentira minha casa vivormrede 500 kbps minha casa affs como voc� vende as coisas pura mentira #Mentira #spagora",-1
"@Vivoemrede #Vivoemrede  que mentira minha casa vivorede 500 kbps minha casa affs como voc� vende as coisas pura mentira #Mentira #spagora",-1
"@Vivoemrede #Vivoemrede  que mentira minha casa #vivorede 500 kbps minha casa affs como voc� vende as coisas pura mentira #Mentira #spagora",-1
"Verificar meu resultado do http://t.co/VKjsp5CLA9: #speedtest #vivoemrede. Era pra ser 10mb http://t.co/tD5BFFm0sI",-1
"E agora #VIVOEMREDE  regi�o sem internet e previs�o de retorno dia 08 ao meio dia. #vivo+mortaqnunca",-1
"A @Vivoemrede @vivoon @vivoblog @vivo � uma porcaria.Minha conta era 130reais ilimitada negociei falaram q baixaria para 92reais sem mudar..",-1
"@Vivoemrede @vivoon @vivoblog @vivo ...os benef�cios ...lorota a conta veio mais cara 145reais baixou nada. Liguei para la tiveram a cara de",-1
"@Vivoemrede @vivoon @vivoblog @vivo ...pau de dizer q minha conta nem fechou. Como?? Ela est� na minha m�o e vence 10/11. Enchi da vivo...",-1
"@Vivoemrede @vivoon @vivoblog @vivo amanh� mesmo vou portabilidade para Tim adeus vivo enganar�o pura,agem como se estivessem fazendo favor",-1
"@Vivoemrede @vivoon @vivoblog @vivo favor para os clientes! Uma porcaria atendentes sem prepara��o para o p�blico,rede ruim no ES liga��es",-1
"@Vivoemrede @vivoon @vivoblog @vivo caem tempo todo!! Horr�vel!! CHEGA DE VIVO vamos apostar na Tim se for outra merda como a claro, mudo de",-1
"@Vivoemrede @vivoon @vivoblog @vivo de operadora denovo chega de vivo!!!!!! BOSTA DE VIVO!!!",-1
"@Vivoemrede @vivoon @vivoblog @vivo minha conta era 130$ disseram q baixariam sem perder vantagens para 92$ minha conta ta aqui 145$ kd???",-1
"Foi muito legal quase virar cliente da @Vivoemrede durante os 25 minutos que esperei pra ser atendido na loja at� desistir",-1
"Porra #vivoemrede! S� preciso aumentar o meu plano e estou a mais de 1h e 30m, 4 liga��es para n�o ter nenhum atendimento #servicodemerda",-1
"Agrade�o, comovido, a @vivoemrede por me deixar de novo sem internet. E agora, com um requinte: sem televis�o tamb�m. Isso � aperfei�oamento",-1
"Algum policial a� poderia me dar voz de pris�o? Assim, vou pra cadeia e conseguirei usar meu @vivoemrede!!!!",-1
"Na minha casa, n�o pega @vivoemrede. Mas nas galerias A, B, C, D e E do Pres�dio Central, o sinal bomba!",-1
"#Speedy #Vivo LIXO DE SERVI�O, o de voc�s hein.",-1
"@Vivoemrede @NaldoValenca  esse #VivoEmrede deve ser rob�. repete a mesma coisa p todos os clientes e na� resolve nada via DM. SAC OFF full",-1
"Com apenas 3 meses de @Vivoemrede, estou voltando pra OI. S�rio, Vivo � uma baita engana��o. Principalmente o ""limite 3G"".",-1
"�@aninhaxx: @estebantavares @Vivoemrede ata, dai tu vai mudar de CU pra CU PRETO?� Fui da OI 4 anos e NUNCA tive problema.",-1
"@Vivoemrede @vivoblog #Vivoemrede #vivoblog  vivo ou telefonica � pior aqui pereferia de SP Capital lixo puro n�o tem qualidade Net lixxxx00",-1
"S� para constar, a @Vivoemrede � a pior operadora do universo! Atendimento rid�culo! Estou a 55 minutos esperando o atendente!",-1
"Por incr�vel que pare�a ainda estou tentando falar com a @Vivoemrede. Acho que pouco importa para eles mas amanh� mudo para @ClaroRonaldo",-1
"@vivo vai conseguir me tirar do s�rio.  Nao h� santo que consiga falar no telemarketing dessa empresa lixo",-1
"Enquete. Qual a pior concession�ria? 
@SuperVia_trens
@metro_rio
@novacedae
@lightclientes
@TIM_AJUDA
@ClaroRonaldo
@Vivoemrede 
@oi",-1
"A picaretagem da @vivo � tamanha que at� o *8486 cai durante a liga��o. As teles assinam TAC m�s n�o cumprem n� @MP-RS @ProconRS",-1
"Sempre aguentei os desaforos da @vivo mas agora foi o c�mulo do desaforo #Vivoemrede aguardem meu processo",-1
"#vivoemrede onde esta seu atendimento???",-1
"#vivoemrede chat n�o funciona, telefone n�o funciona, sms n�o funciona, perfil no facebook n�o funciona, twitter n�o funciona...",-1
"@Vivoemrede E qual foi o problema mesmo com o 3G em S�o Lu�s? H� 3 horas sem funcionar! Obg",-1
"E cadastra sua reclama��o, ent�o PQ pergunta se pode ajudar fica quieta #Vivoemrede",-1
"Pra variar, #VIVO sem sinal",-1
"O 3G da @Vivo � p�ssimo. N�o recomendo,n�o entrega sequer 1/5 da velocidade prometida. Vou mudar. #Fail",-1
"Como a @vivoemrede pode ser t�o confusa, gente? 5a. equipe q vem em casa pra instalar a fibra �ptica e nunca acertam dia, linha, etc.",-1
"H� 20 min c/ a mo�a da @vivoemrede e ela me diz:'tem que aguardar pq eu n�o tenho fibra optica aqui' pq o pr�dio � velho no centro de SP.",-1
"ACHO QUE NAO EXISTE PIOR SERVI�O DE TELEFONIA DO QUE A @Vivoemrede QUE DEIXA A GENTE MORTA DE RAIVA",-1
"@Vivoemrede POR QUE O TELEFONE DA OUVIDORIA NAO ATENDE?",-1
"30 MINUTOS PARA TENTAR RECLAMAR DO PESSIMO SERVI�O DA @Vivoemrede",-1
"A FRASE QUE A @Vivoemrede  MAIS CONHECE � ANOTE O PROTOCOLO",-1
"Muito aborrecida com a empresa @vivo @Vivoemrede. H� dois meses, tentando cancelar um modem. E n�o consigo. E as contas chegando...",-1
"Especialmente pro #luansantana e esse marketing fdp da #vivo http://t.co/HcseQzxlAu",-1
"A @Vivo est� fazendo o contr�rio da decis�o da Anatel. Inv�s de entregar 70% da banda larga, s� libera 30%. Al� fiscaliza��o! #Anatel",-1
"BANDO DE IN�TIL! QUE �DIO QUE ME DA! @ClaroRonaldo @Vivoemrede SEUS LIXOS! VOC�S S�O O RETRATO DO DESCASO AO CONSUMIDOR! MALDITOS",-1
"Como � dif�cil falar com a @vivo por telefone! A liga��o j� caiu duas sem que eu consiga concluir o atendimento.",-1
"eu vou processar vcs @vivo",-1
"@Vivoemrede ""vivo em rede"" propaganda enganosa feelings",-1
"@claudiabistao  Servi�o horrivellllll &gt;&gt;&gt;&gt; @Vivoemrede #Vivoemrede",-1
"@Batistafabio @Vivoemrede #Vivoemrede Eles querem resolver tudo por SMS! Quase mudando para a TIm!!!!",-1
"@vivo sua desgra�ada, devolve a minha internet",-1
"alo @Vivoemrede da um jeito nessa internet LIXO de vcs pq nao ta dando nao",-1
"To na loja da @vivo no @praiadebelas com 3 demandas e n�o atendem nenhuma, pq querem fechar a loja 21:37 #MeEnganaVivo",-1
"O pior � voc� ir na loja da @Vivoemrede e a mocinha n�o s� duvidar de voc� como n�o te ajudar a solucionar o problema.",-1
"internet @vivo sempre uma merda",-1
"Chuva desde domingo em Campos do Jord�o. E h� tr�s dias o Speedy da Vivo est� Slow.... #vivoemrede  http://t.co/lTLuJQyNsJ #speedtest",-1
"Se quiser fugir do sol fa�a um 3G da @vivo nenhuma outra empresa oferece tantas zonas de sombra...",-1
"#vivo , internet muito lenta!!",-1
"Lembra 5 dias atras quando disse q havia solicitado os servi�os de telefonia e internet fixa da @Vivoemrede e q ja estava arrependido?",-1
"Me foi passado q nem pedido da internet tinha. Ai chegamos no ponto em que eu me irrito e tento cancelar o ""servi�o"" ""pretado"" @Vivoemrede",-1
"30 minutos na espera, passei por 3 atendentes , todas extremamente mal-educadas, com respostinhas prontos e ate engra�adinhas @Vivoemrede",-1
"quando perguntado sobre o motivo do cancelamento informei tudo isso e q em 3 liga��es @Vivoemrede .... nunca tinha sido t�o mal atendido...",-1
"como fui em toda minha vida por empresas q me prestam servi�os @Vivoemrede .Como me deixaram 30 minutos na espera do cancelamento,sendo q ..",-1
"ja havia falado e me ionformado q o cancelamenbto ja havia sido feito e a liga��o ""caiu"" bem na minha cara, informo p  vcs da @Vivoemrede :",-1
"Nao me venham  cobrar por um servi�o de 5 dias que vcs n�o fizeram e n�o falem  que nao se completou o cancelamento @Vivoemrede",-1
"pois foram vcs depois d 30 minutos q desligaram na minha cara @Vivoemrede . Nao pagarei bosta nenhuma p vcs e proximo passo cancelar celular",-1
"Aprendam a serem no minimo educados com quem � cliente de vcs @Vivoemrede . Empresa lixo, perda d tempo ja aviso todos vcs",-1
"Obrigado  JANIA  a unica ajuda q quero de vcs � o cancelamento desta merda @Vivoemrede obrigado",-1
"Prefiro ficar sem internet em casa do q ter a de uma empresa q trata seu cliente como merda e com piadinhas @Vivoemrede",-1
"Por favor @Vivoemrede podem me confirmar se foi feito o cancelamento?Ou tenho q ligar de novo pra fcar na espera 30min e desligarem na cara?",-1
"NOVAMENTE EU COM PROBLEMA COM A @Vivoemrede  !!!! MUITO INCOMPETENTES!!!!!!!! #VIVOLIXO #VIVOEMREDE",-1
"Boa tarde! Algu�m sabe o que est� acontecendo com os celulares da @Vivo que n�o completam liga��o?",-1
"Problemas com sinal da @Vivoemrede",-1
"3g da @vivo porque t�o ruim",-1
"Voc� espera 20 minutos para ser atendido na central da @Vivoemrede. A� te passam um n�mero de 0800 que n�o existe!",-1
"O v�deo de hoje vai estar no ar s� mais tarde pq a internet n�o para de cair, obrigado @Vivoemrede .",-1
"Que porcaria e p�ssimo atendimento desta @vivotv ! Estamos com problemas na imagem e, mais de 30 minutos na espera, ningu�m atende! #vivo",-1
"@vivo maldita. Menos de 1 m�s e pela segunda vez meu telefone est� mudo. #odio",-1
"Essa � a vivo... #fraude #pessimoservico #semservico #vivoemrede @Vivoemrede http://t.co/n3kushsoEB",-1
"@vivoblog #Vivoemrede #vivoon  cade minha instala��o 1159752405speedy solo affs os:750575670 que enrola��o tem mais dez dias nada instala��o",-1
"@Vivoemrede amiga minha internet t� uma bosta",-1
"coloquei cr�dito nessas baquinhas vagabundas e meus cr�ditos n�o cairam, vamo devolve meu dinheiro caralh�o? @vivo",-1
"S� pra constar a minha indigna��o com a @vivo .Primeiro por sumir com meus creditos; segundo por me fazer esperar mais de 10min na linha..",-1
"@vivo  atendimento p�ssimo estou mais de uma hora na linha e nada de atendimento",-1
"#Vivo a pior operadora do pa�s.  #Procon neles. Por favor retuitem.",-1
"Conforme anunciei na loja, vou fazer barulgo por aqui. #Vivo ?ltimo mundo.! Procon neles. CONSUMIDOR MERECE RESPEITO.",-1
"TODOS! RT @MonaDorf: Conforme anunciei na loja, vou fazer barulgo por aqui. #Vivo ?ltimo mundo.! Procon neles. CONSUMIDOR MERECE RESPEITO.",-1
"@jcgmohallem @poetacicero  Pois ? mas nao pode ser assim. Precisamos uma @Vivo melhor. Nao queriam avalia��o d atendimento? T� aqui ns posts",-1
"@MonaDorf @jcgmohallem @vivo s�o todas horrorosas.perdi a esperan�a",-1
"@MonaDorf @poetacicero @vivo e no shopping higienopolis eh um terror o atendimento.nem menciono ao telefone com as idas e vindas atend e sup",-1
"Tem Facebook,  Linked in, Yammer,  Google+,  n�o faltam redes pra se denunciar servi�o #Vivo, @vivoemrede padr�o pior dos mundos.",-1
"Amigos grata pelos RTs s/ mau atendimento nas lojas #Vivo @Vivoemrede q n�o resolve. Sistema telef�nico inoperante.  Ironia p/ 1 operadora!",-1
"Vai ver que ?h todo o sistema #Vivo que t� fora do ar, inclusive  a tal @Vivoemrede. #Vivo conectado kkkkk. Pulem fora em quanto � tempo!",-1
"@crisduclos DM pelo Facebook.  Amanh� coloco o assunto #Vivo por l� tbem.  Quero ver o sistema nao arrumar logo logo. Reputa��o #Vivo j� era",-1
"Mais de 12h de tweets e a #Vivo n�o se manifesta. Isso mostra como � sintonizada c/ problemas da empresa e pouca aten��o q dedica a cleinte",-1
"Vou recome�ar a denunciar a incompet�ncia e o descaso dessa empresa. #Vivo inoperante.  #clienteVivo n�o tem vez na hora de constestar algo.",-1
"Se beber n�o dirijar, se precisar de celular opte pela operadora + barata e troqye tdo ano. Jamais a #Vivo. Fidelidade n�o � com eles.",-1
"Sem 3G da vivo hj. #vivoemrede sinal de porcaria!",-1
"socorro @brasil_ANATEL a @Vivoemrede @vivo noa me atende no *8486 e ainda quer que eu de nota ao atendimento...socorro",-1
"@brasil_ANATEL @Vivoemrede @vivo n�s somos verdadeiros palha�os..pois qdo digito 9 p falar com atendentes, simplesmente ele desligam..queB",-1
"RT se voc� j� chorou no telefone com o @itau ou a @Vivoemrede",-1
"da� que me ofereceram o servi�o de fibra �tica da @vivoemrede. prometeram mundos e fundos, internet maravilhosa e barata, tv com mil canais.",-1
"N�o me siga #Vivoemrede, me trate com o respeito que mere�o!",-1
"eu trabalho em casa, @vivoemrede. voc�s est�o fodendo com a minha vida. resolvam essa merda e n�o venham querer mandar DM que n�o adianta.",-1
"o que a @vivoemrede t� fazendo com a @claraaverbuck � ABSURDO. leiam mais no perfil da clara.",-1
"e o pior q a @vivo j� nao funciona direito, com chuva ent�o, me ferrou pq nao pude me despedir do meu amor =(((",-1
"Mais algu�m ta sem sinal da @Vivoemrede, @LeiSecaRJ @RadarCostaVerde ?",-1
"Q curioso! Eu tenho q esperar 15 minutos para ser atendida. A @Vivo n�o pode esperar 2 minutos para eu pegar um papel. @Vivoemrede",-1
"querida @vivo voc� poderia tomar no olho do seu cu e parar de n�o dar internet PRA QUEM TEM CR�DITO, grata",-1
"#vivoemrede #vivoon Hoje come�a minha batalha de guerrilha contra a Vivo e a tosqueira que � o servi�o deles. Vamos ver se d� resultado...",-1
"#vivoemrede #vivoon Estou ha quase 30 dias sem telefone fixo, desde que cai na besteira de migrar da Claro pra Vivo Fixo.",-1
"#vivoemrede #vivoon #vivosofrendo � pat�tico o n�mero de protocolos pelos quais ja passei. S�o cerca de 20.",-1
"#vivoemrede #vivoon #vivosofrendo Meu drama com a Vivo come�ou no protocolo 20132035792456",-1
"#vivoemrede #vivoon #vivosofrendo a metade dos atendentes nem entendem qual � o problema. Que orgulho dos funcion�rios dessa empresa!",-1
"#vivoemrede #vivoon #vivosofrendo Quando a coisa aperta e eles se sentem encurralados, desligam na minha cara. Que �tima solu��o.",-1
"#vivoemrede #vivoon #vivosofrendo meu �digo de assinante � 7166826, mas duvido que a vivo tenha a dec�ncia de entrar em contato comigo.",-1
"Oi @vivoemrede adoraria saber por onda anda minha conex�o 4G. Seria pedir muito ter o servi�o pelo qual eu pago? Obrigado.",-1
"Pra que oferecer um servi�o se n�o � poss�vel utilizar #Vivo",-1
"Desisto de falar com a @Vivoemrede ! P�ssima operadora. P�ssimo servi�o de SAC, o qual vc fica mins no tel e n�o � atendido! @LeiSecaRJ",-1
"N�o consigo mais usar a net das 7 da manha ate as 22/23, simplesmente n�o funciona, n�o aguento mais ligar pra @vivo pra reclamar",-1
"@krystianespm a @vivo ERA a melhor, agora nao funciona mais, vou ter q testar outra pra mudar pelo visto",-1
"@krystianespm pelo computador a @vivo so funciona de madrugada, as 6:45 j� come�a a cair",-1
"Acabou de chegar uma conta de TELEFONE da @Vivoemrede. N�s NUNCA contratamos telefone pro Loop Studio.",-1
"ALO @vivoemrede QUE CARALHOS EST� ACONTECENDO",-1
"Servi�os da #Vivoemrede � um nojo n�o consigo fazer liga��es.",-1
"#Apag�o da #Vivoemrede , mais alguem esta sem linha ? Tenho 4 Vivos os 4 Fora do Ar",-1
"A dona @Vivoemrede deixou-me dois dias sem net e sms. Quanta gentileza! 
""Mas vamos falar de coisa boa"", como dizia Sonia Abr�o.",-1
"Gra�as ao servi�o �timo da #vivo, � consegui ficar at� o fim no #hangout. Eu amei e j� quero outros!!!",-1
"Quem acha que a VIVO d� P�SSIMO atendimento d� RT.  @vivoemrede @vivoon 
#VivoPorcaria",-1
"To tentando falar com a @vivo @Vivoemrede  em tr�s ve�culos e simplesmente nenhum me atende. Que cacete",-1
"@vivo PQ A VIVO INCLUIU R$ 5,90 ""SEGURO CONTA PROTEGIDA""  DA MAPFRE PREV SEM MINHA SOLICITA��O FIQUEI 25 MINUTOS AGUARDANDO EM CONTESTA��O $",-1
"N�o sei por qu� ainda tenho numero da #Vivo
S� levo esculacho de quem n�o consegue falar comigo!",-1
"@vivoblog #vivoon #Vivoemrede eu estou entrando site da http://t.co/SACtJbwGa7  e estou logando mais n�o est� entrando ? quero arrume isso !",-1
"@vivoblog #vivoon #Vivoemrede eu estou entrando site da http://t.co/SACtJbwGa7  e estou logando mais n�o est� entrando ? quero arrume isso!",-1
"#vivoemrede #vivoforadalei chega de roubo, n�? Pagamos por isso e queremos um servi�o DIGNO de volta!",-1
"Eu pago caro por uma conex�o"" rapida"" da @Vivo mas n�o consigo rodar mais do que 2 v�deos no smartphone. Chamamos a isso de que? #Porcaria",-1
"@Vivo Se eu quisesse uma conex�o apenas para acessar as redes sociais n�o teria optado pelo ""pacote 4G"". #Fail",-1
"#vivoemrede hoje a TV estava ok, mas sem internet... Acho que n�o vi no contrato que usando um o outro desliga!",-1
"mais uma liga��o intimidat�ria da #vivo #vivoEmRede .  j� denunciada na #anatel . ligam de madrugada! #danosMorais http://t.co/GSIs3kWib1",-1
"O p�ssimo servico de internete da @vivo est� deixando a popula��o irritada segundo o meu amigo @Jerrybdr52Jerry",-1
"me atende logo filha da puta @vivo",-1
"E o retardado do cliente da @vivo paga caro pela merda de um servi�o q n�o funciona � e feito de palha�o na loja E FICA SEM AGENDA",-1
"N�o sei o q � pior o atendimento da @vivo o sevir�o q te rouba e te deixa na m�o ou fazer papel de trouxa.",-1
"Um gerente de merda na loja @vivo da 136 em Goi�nia e um ""tecnico"" q � pago pra bater papo e nega atendimento.",-1
"Verificar meu resultado do http://t.co/VKjsp5CLA9: #speedtest pago 10mb e recebo isso.. #vivoemrede http://t.co/MslEkdsPcr",-1
"http://t.co/YBszhi8bcV #speedtest #vivoemrede  Pago 10mb e recebo isso. Ser� que um dia seremos respeitados ???  #vivovergonhanacional",-1
"#Vivoemrede #vivoon @Anatel_Informa tenho protocolo e nome dela Claudia 10315 as 10:47  at� 10:55  18/12/2013  n�o me  prot:20132084587716",-1
"Chegou meu #TimBeta adeus #Vivo !",-1
"Ha dias tento comprar hum cell cum @firefoxosbr no site da @vivo et n�o consigo. A cada falha, me offerecem vales do cinemark pra continuar.",-1
"@Vivoemrede sua rede t� de tpm pq olha t� mais inst�vel que eu",-1
"To na d�vida se o app do @itau pra iOS t� uma bosta ou se � o ""4G"" (que n�o existe) da @Vivoemrede que t� uma verdadeira bosta.",-1
"Parab�ns pra @vivo que est� cada dia pior! ????",-1
"#boanoite, cheguei em #Campinas e n�o tem Internet 3G da #Vivo na regi�o da Rodovi�ria. #goodnight� http://t.co/FzFPIwjhw5",-1
"2 dias sem telefone no bairro, viva a merda da #VIVO",-1
"maldita hora em que troquei meu #claro por essa posta de #vivo que n�o pega @Vivoemrede essa #vivo ta mais pra #morto",-1
"@vivo v� pro inferno operadora de lixo! N�o consegue manter um b�sico de sinal para liga��o? mais de 20 dias nessa merd@ de sinal!",-1
"E essa @vivo? Ta uma boooosta",-1
"Um feliz Natal a @timbrasil e a @vivo que me deixaram AMBAS sem internet. Uma no cel e outra no modem 3G.",-1
"#vivoemrede  pelo amor de deus manda linha 19997718242 pra engenharia do 3g!!!!",-1
"S� queria falar que a internet da @vivoemrede � uma porcaria!!!!",-1
"@VIVO para me cobrar voc�s s�o pontual�ssimos, para me atender eu preciso esperar por horas at� desligarem na minha cara! #Vivo #VivoEngana",-1
"O estagi�rio da @Vivoemrede trope�ou no fio do 3G.  ��",-1
"eu liguei pra @vivo, fiquei de ot�ria 20 minutos esperando, desisti, ningu�m merece ficar ouvindo aquela m�sica infernal e eles n�o atendem",-1
"Nunca na hist�ria da humanidade o 3G da @vivo esteve t�o m&amp;rd@ no litoral ga�cho... Bela BOSTA",-1
"#pegabem da @vivo � uma PIADA vontade de quebrar a TV qdo vejo essa propaganda tendo em vista a m&amp;rd@ do 3G na praia! #vivofail #vivodemerda",-1
